<?xml version="1.0" encoding="UTF-8"?>
<rss version="2.0">
  <channel>
    <title>SAKMPAR News</title>
    <description>Latest trending topics and news updates</description>
    <link>https://www.sakmpar.co.in</link>
    <language>en-us</language>
    <lastBuildDate>Wed, 09 Jul 2025 08:34:26 GMT</lastBuildDate>
    <item>
      <title><![CDATA[Mental Health and Mindfulness]]></title>
      <description><![CDATA[In today's rapidly evolving world, mental health and mindfulness has become increasingly important.]]></description>
      <link>https://www.sakmpar.co.in/mental-health-and-mindfulness-20250709.html</link>
      <pubDate>Wed, 09 Jul 2025 08:34:26 GMT</pubDate>
    </item>
    <item>
      <title><![CDATA[Home Improvement DIY Projects]]></title>
      <description><![CDATA[In today's rapidly evolving world, home improvement diy projects has become increasingly important.]]></description>
      <link>https://www.sakmpar.co.in/home-improvement-diy-projects-20250709.html</link>
      <pubDate>Wed, 09 Jul 2025 08:34:25 GMT</pubDate>
    </item>
    <item>
      <title><![CDATA[Gregg Wallace warned by top barrister not to 'say women]]></title>
      <description><![CDATA[In today's rapidly evolving world, gregg wallace warned by top barrister not to 'say women made it up' has become increasingly important.]]></description>
      <link>https://www.sakmpar.co.in/gregg-wallace-warned-by-top-barrister-not-to-say-w-20250709.html</link>
      <pubDate>Wed, 09 Jul 2025 08:34:24 GMT</pubDate>
    </item>
    <item>
      <title><![CDATA[Photography Tips and Techniques]]></title>
      <description><![CDATA[In today's rapidly evolving world, photography tips and techniques has become increasingly important.]]></description>
      <link>https://www.sakmpar.co.in/photography-tips-and-techniques-20250709.html</link>
      <pubDate>Wed, 09 Jul 2025 08:34:24 GMT</pubDate>
    </item>
    <item>
      <title><![CDATA[Jury-free trials recommended by senior judge to save courts]]></title>
      <description><![CDATA[In today's rapidly evolving world, jury-free trials recommended by senior judge to save courts from 'collapse' has become increasingly important.]]></description>
      <link>https://www.sakmpar.co.in/jury-free-trials-recommended-by-senior-judge-to-sa-20250709.html</link>
      <pubDate>Wed, 09 Jul 2025 08:34:23 GMT</pubDate>
    </item>
    <item>
      <title><![CDATA[Environmental Conservation Methods]]></title>
      <description><![CDATA[In today's rapidly evolving world, environmental conservation methods has become increasingly important.]]></description>
      <link>https://www.sakmpar.co.in/environmental-conservation-methods-20250709.html</link>
      <pubDate>Wed, 09 Jul 2025 08:17:51 GMT</pubDate>
    </item>
    <item>
      <title><![CDATA[Top Travel Destinations This Year]]></title>
      <description><![CDATA[In today's rapidly evolving world, top travel destinations this year has become increasingly important.]]></description>
      <link>https://www.sakmpar.co.in/top-travel-destinations-this-year-20250709.html</link>
      <pubDate>Wed, 09 Jul 2025 08:17:51 GMT</pubDate>
    </item>
    <item>
      <title><![CDATA[Financial Planning and Investment Advice]]></title>
      <description><![CDATA[In today's rapidly evolving world, financial planning and investment advice has become increasingly important.]]></description>
      <link>https://www.sakmpar.co.in/financial-planning-and-investment-advice-20250709.html</link>
      <pubDate>Wed, 09 Jul 2025 08:17:50 GMT</pubDate>
    </item>
    <item>
      <title><![CDATA[Social Media Marketing Trends]]></title>
      <description><![CDATA[In today's rapidly evolving world, social media marketing trends has become increasingly important.]]></description>
      <link>https://www.sakmpar.co.in/social-media-marketing-trends-20250709.html</link>
      <pubDate>Wed, 09 Jul 2025 08:17:50 GMT</pubDate>
    </item>
    <item>
      <title><![CDATA[Fitness and Exercise Routines]]></title>
      <description><![CDATA[In today's rapidly evolving world, fitness and exercise routines has become increasingly important.]]></description>
      <link>https://www.sakmpar.co.in/fitness-and-exercise-routines-20250709.html</link>
      <pubDate>Wed, 09 Jul 2025 08:17:49 GMT</pubDate>
    </item>
    <item>
      <title><![CDATA[Small Business Growth Strategies]]></title>
      <description><![CDATA[In today's rapidly evolving world, small business growth strategies has become increasingly important.]]></description>
      <link>https://www.sakmpar.co.in/small-business-growth-strategies-20250709.html</link>
      <pubDate>Wed, 09 Jul 2025 08:17:48 GMT</pubDate>
    </item>
    <item>
      <title><![CDATA[Online Education and E-learning]]></title>
      <description><![CDATA[In today's rapidly evolving world, online education and e-learning has become increasingly important.]]></description>
      <link>https://www.sakmpar.co.in/online-education-and-e-learning-20250709.html</link>
      <pubDate>Wed, 09 Jul 2025 08:17:48 GMT</pubDate>
    </item>
    <item>
      <title><![CDATA[School meal costs mean less meat and smaller portions,]]></title>
      <description><![CDATA[In today's rapidly evolving world, school meal costs mean less meat and smaller portions, caterers say has become increasingly important.]]></description>
      <link>https://www.sakmpar.co.in/school-meal-costs-mean-less-meat-and-smaller-porti-20250709.html</link>
      <pubDate>Wed, 09 Jul 2025 08:17:47 GMT</pubDate>
    </item>
    <item>
      <title><![CDATA[Remote Work Best Practices]]></title>
      <description><![CDATA[In today's rapidly evolving world, remote work best practices has become increasingly important.]]></description>
      <link>https://www.sakmpar.co.in/remote-work-best-practices-20250709.html</link>
      <pubDate>Wed, 09 Jul 2025 08:17:47 GMT</pubDate>
    </item>
    <item>
      <title><![CDATA[Housebuilders to pay £100m towards affordable homes to]]></title>
      <description><![CDATA[In today's rapidly evolving world, housebuilders to pay £100m towards affordable homes to avoid legal decision has become increasingly important.]]></description>
      <link>https://www.sakmpar.co.in/housebuilders-to-pay-100m-towards-affordable-homes-20250709.html</link>
      <pubDate>Wed, 09 Jul 2025 08:17:46 GMT</pubDate>
    </item>
    <item>
      <title><![CDATA[King and Macron toast 'ever closer' UK-France ties at state]]></title>
      <description><![CDATA[In today's rapidly evolving world, king and macron toast 'ever closer' uk-france ties at state banquet has become increasingly important.]]></description>
      <link>https://www.sakmpar.co.in/king-and-macron-toast-ever-closer-uk-france-ties-a-20250709.html</link>
      <pubDate>Wed, 09 Jul 2025 08:17:45 GMT</pubDate>
    </item>
    <item>
      <title><![CDATA[Watch: Macron's day with the Royal Family]]></title>
      <description><![CDATA[In today's rapidly evolving world, watch: macron's day with the royal family has become increasingly important.]]></description>
      <link>https://www.sakmpar.co.in/watch-macrons-day-with-the-royal-family-20250709.html</link>
      <pubDate>Wed, 09 Jul 2025 08:17:45 GMT</pubDate>
    </item>
    <item>
      <title><![CDATA[Bihar Election: राहुल गांधी बोले- चुनाव आयोग बिहार में]]></title>
      <description><![CDATA[.]]></description>
      <link>https://www.sakmpar.co.in/bihar-election-रहल-गध-बल-चनव-आयग-बहर-म-हमर-वटर-क-च-20250709.html</link>
      <pubDate>Wed, 09 Jul 2025 07:40:19 GMT</pubDate>
    </item>
    <item>
      <title><![CDATA[Pithoragarh Rain: मूसलाधार बारिश से मची तबाही, मोटर पुल और]]></title>
      <description><![CDATA[.]]></description>
      <link>https://www.sakmpar.co.in/pithoragarh-rain-मसलधर-बरश-स-मच-तबह-मटर-पल-और-लकड--20250709.html</link>
      <pubDate>Wed, 09 Jul 2025 06:53:32 GMT</pubDate>
    </item>
    <item>
      <title><![CDATA[Vadodara Bridge Collapse: वडोदरा में महिसागर नदी पर बना पुल]]></title>
      <description><![CDATA[.]]></description>
      <link>https://www.sakmpar.co.in/vadodara-bridge-collapse-वडदर-म-महसगर-नद-पर-बन-पल--20250709.html</link>
      <pubDate>Wed, 09 Jul 2025 06:53:31 GMT</pubDate>
    </item>
  </channel>
</rss>